-- phpMyAdmin SQL Dump
-- version 5.1.1
-- https://www.phpmyadmin.net/
--
-- Host: 127.0.0.1
-- Generation Time: Jul 06, 2022 at 12:28 PM
-- Server version: 10.4.22-MariaDB
-- PHP Version: 8.1.1

SET SQL_MODE = "NO_AUTO_VALUE_ON_ZERO";
START TRANSACTION;
SET time_zone = "+00:00";


/*!40101 SET @OLD_CHARACTER_SET_CLIENT=@@CHARACTER_SET_CLIENT */;
/*!40101 SET @OLD_CHARACTER_SET_RESULTS=@@CHARACTER_SET_RESULTS */;
/*!40101 SET @OLD_COLLATION_CONNECTION=@@COLLATION_CONNECTION */;
/*!40101 SET NAMES utf8mb4 */;

--
-- Database: `gizi`
--

-- --------------------------------------------------------

--
-- Table structure for table `anaklaki24-60`
--

CREATE TABLE `anaklaki24-60` (
  `tinggi_badan` double NOT NULL,
  `-3sd` double NOT NULL,
  `-2sd` double NOT NULL,
  `-1sd` double NOT NULL,
  `median` double NOT NULL,
  `1sd` double NOT NULL,
  `2sd` double NOT NULL,
  `3sd` double NOT NULL
) ENGINE=InnoDB DEFAULT CHARSET=utf8mb4;

--
-- Dumping data for table `anaklaki24-60`
--

INSERT INTO `anaklaki24-60` (`tinggi_badan`, `-3sd`, `-2sd`, `-1sd`, `median`, `1sd`, `2sd`, `3sd`) VALUES
(65, 5.9, 6.3, 6.9, 7.4, 8.1, 8.8, 9.6),
(65.5, 6, 6.4, 7, 7.6, 8.2, 8.9, 9.8),
(66, 6.1, 6.5, 7.1, 7.7, 8.3, 9.1, 9.9),
(66.5, 6.1, 6.6, 7.2, 7.8, 8.5, 9.2, 10.1),
(67, 6.2, 6.7, 7.3, 7.9, 8.6, 9.4, 10.2),
(67.5, 6.3, 6.8, 7.4, 8, 8.7, 9.5, 10.4),
(68, 6.4, 6.9, 7.5, 8.1, 8.8, 9.6, 10.5),
(68.5, 6.5, 7, 7.6, 8.2, 9, 9.8, 10.7),
(69, 6.6, 7.1, 7.7, 8.4, 9.1, 9.9, 10.8),
(69.5, 6.7, 7.2, 7.8, 8.5, 9.2, 10, 11),
(70, 6.8, 7.3, 7.9, 8.6, 9.3, 10.2, 11.1),
(70.5, 6.9, 7.4, 8, 8.7, 9.5, 10.3, 11.3),
(71, 6.9, 7.5, 8.1, 8.8, 9.6, 10.4, 11.4),
(71.5, 7, 7.6, 8.2, 8.9, 9.7, 10.6, 11.6),
(72, 7.1, 7.7, 8.3, 9, 9.8, 10.7, 11.7),
(72.5, 7.2, 7.8, 8.4, 9.1, 9.9, 10.8, 11.8),
(0, 0, 0, 0, 0, 0, 0, 0),
(73, 7.3, 7.9, 8.5, 9.2, 10, 10.5, 12),
(73.5, 7.4, 7.9, 8.6, 9.3, 10.2, 11.1, 12.1),
(74, 7.4, 8, 8.7, 9.4, 10.3, 11.2, 12.2),
(74.5, 7.5, 8.1, 8.8, 9.5, 10.4, 11.3, 12.4),
(75, 7.6, 8.2, 8.9, 9.6, 10.5, 11.4, 12.5),
(75.5, 7.7, 8.3, 9, 9.7, 10.6, 11.6, 12.6),
(76, 7.7, 8.4, 9.1, 9.8, 10.7, 11.7, 12.8),
(76.5, 7.8, 8.5, 9.2, 9.9, 10.8, 11.8, 12.9),
(77, 7.9, 8.5, 9.2, 10, 10.9, 11.9, 13),
(77.5, 8, 8.6, 9.3, 10.1, 11, 12, 13.1),
(78, 8, 8.7, 9.4, 10.2, 11.1, 12.1, 13.3),
(78.5, 8.1, 8.8, 9.5, 10.3, 11.2, 12.2, 13.4),
(79, 8.2, 8.8, 9.6, 10.4, 11.3, 12.3, 13.5),
(79.5, 8.3, 8.9, 9.7, 10.5, 11.4, 12.4, 13.6),
(80, 8.3, 9, 9.7, 10.6, 11.5, 12.6, 13.7),
(80.5, 8.4, 9.1, 9.8, 10.7, 11.6, 12.7, 13.8),
(81, 8.5, 9.2, 9.9, 10.8, 11.7, 12.8, 14),
(81.5, 8.6, 9.3, 10, 10.9, 11.8, 12.9, 14.1),
(82, 8.7, 9.3, 10.1, 11, 11.9, 13, 14.2),
(82.5, 8.7, 9.4, 10.2, 11.1, 12.1, 13.1, 14.4),
(83, 8.8, 9.5, 10.3, 11.2, 12.2, 13.3, 14.5),
(83.5, 8.9, 9.6, 10.4, 11.3, 12.3, 13.4, 14.6),
(84, 9, 9.7, 10.5, 11.4, 12.4, 13.5, 14.8),
(84.5, 9.1, 9.9, 10.7, 11.5, 12.5, 13.7, 14.9),
(85, 9.2, 10, 10.8, 11.7, 12.7, 13.8, 15.1),
(85.5, 9.3, 10.1, 10.9, 11.8, 12.8, 13.9, 15.2),
(86, 9.4, 10.2, 11, 11.9, 12.9, 14.1, 15.4),
(86.5, 9.5, 10.3, 11.1, 12, 13.1, 14.2, 15.5),
(87, 9.6, 10.4, 11.2, 12.2, 13.2, 14.4, 15.7),
(87.5, 9.7, 10.5, 11.3, 12.3, 13.3, 14.5, 15.8),
(88, 9.8, 10.6, 11.5, 12.4, 13.5, 14.7, 16),
(0, 0, 0, 0, 0, 0, 0, 0),
(88.5, 9.9, 10.7, 11.6, 12.5, 13.6, 14.8, 16.1),
(89, 10, 10.8, 11.7, 12.6, 13.7, 14.9, 16.3),
(89.5, 10.1, 10.9, 11.8, 12.8, 13.9, 15.1, 16.4),
(90, 10.2, 11, 11.9, 12.9, 14, 15.2, 16.6),
(90.5, 10.3, 11.1, 12, 13, 14.1, 15.3, 16.7),
(91, 10.4, 11.2, 12.1, 13.1, 14.2, 15.5, 16.9),
(91.5, 10.5, 11.3, 12.2, 13.2, 14.4, 15.6, 17),
(92, 10.6, 11.4, 12.3, 13.4, 14.5, 15.8, 17.2),
(92.5, 10.7, 11.5, 12.4, 13.5, 14.6, 15.9, 17.3),
(93, 10.8, 11.6, 12.6, 13.6, 14.7, 16, 17.5),
(93.5, 10.9, 11.7, 12.7, 13.7, 14.9, 16.2, 17.6),
(94, 11, 11.8, 12.8, 13.8, 15, 16.3, 17.8),
(94.5, 11.1, 11.9, 12.9, 13.9, 15.1, 16.5, 17.9),
(95, 11.1, 12, 13, 14.1, 15.3, 16.6, 18.1),
(95.5, 11.2, 12.1, 13.1, 14.2, 15.4, 16.7, 18.3),
(96, 11.3, 12.2, 13.2, 14.3, 15.5, 16.9, 18.4),
(96.5, 11.4, 12.3, 13.3, 14.4, 15.7, 17, 18.6),
(97, 11.5, 12.4, 13.4, 14.6, 15.8, 17.2, 18.8),
(97.5, 11.6, 12.5, 13.6, 14.7, 15.9, 17.4, 18.9),
(98, 11.7, 12.6, 13.7, 14.8, 16.1, 17.5, 19.1),
(98.5, 11.8, 12.8, 13.8, 14.9, 16.2, 17.7, 19.3),
(99, 11.9, 12.9, 13.9, 15.1, 16.4, 17.9, 19.5),
(99.5, 12, 13, 14, 15.2, 16.5, 18, 19.7),
(100, 12.1, 13.1, 14.2, 15.4, 16.7, 18.2, 19.9),
(100.5, 12.2, 13.2, 14.3, 15.5, 16.9, 18.4, 20.1),
(101, 12.3, 13.3, 14.4, 15.6, 17, 18.5, 20.3),
(101.5, 12.4, 13.4, 14.5, 15.8, 17.2, 18.7, 20.5),
(102, 12.5, 13.6, 14.7, 15.9, 17.3, 18.9, 20.7),
(102.5, 12.6, 13.7, 14.8, 16.1, 17.5, 19.1, 20.9),
(103, 12.8, 13.8, 14.9, 16.2, 17.7, 19.3, 21.1),
(103.5, 12.9, 13.9, 15.1, 16.4, 17.8, 19.5, 21.3),
(104, 13, 14, 15.2, 16.5, 18, 19.7, 21.6),
(104.5, 13.1, 14.2, 15.4, 16.7, 18.2, 19.9, 21.8),
(105, 13.2, 14.3, 15.5, 16.8, 18.4, 20.1, 22),
(105.5, 13.3, 14.4, 15.6, 17, 18.5, 20.3, 22.2),
(106, 13.4, 14.5, 15.8, 17.2, 18.7, 20.5, 22.5),
(106.5, 13.5, 14.7, 15.9, 17.3, 18.9, 20.7, 22.7),
(107, 13.7, 14.8, 16.1, 17.5, 19.1, 20.9, 22.9),
(107.5, 13.8, 14.9, 16.2, 17.7, 19.3, 21.1, 23.2),
(108, 13.9, 15.1, 16.4, 17.8, 19.5, 21.3, 23.4),
(108.5, 14, 15.2, 16.5, 18, 19.7, 21.5, 23.7),
(109, 14.1, 15.3, 16.7, 18.2, 19.8, 21.8, 23.9),
(109.5, 14.3, 15.5, 16.8, 18.3, 20, 22, 24.2),
(110, 14.4, 15.6, 17, 18.5, 20.2, 22.2, 24.4),
(110.5, 14.5, 15.8, 17.1, 18.7, 20.4, 22.4, 24.7),
(111, 14.6, 15.9, 17.3, 18.9, 20.7, 22.7, 25),
(111.5, 14.8, 16, 17.5, 19.1, 20.9, 22.9, 25.2),
(112, 14.9, 16.2, 17.6, 19.2, 21.1, 23.1, 25.5),
(112.5, 15, 16.3, 17.8, 19.4, 21.3, 23.4, 25.8),
(113, 15.2, 16.5, 18, 19.6, 21.5, 23.6, 26),
(113.5, 15.3, 16.6, 18.1, 19.8, 21.7, 23.9, 26.3),
(114, 15.4, 16.8, 18.3, 20, 21.9, 24.1, 26.6),
(114.5, 15.6, 16.9, 18.5, 20.2, 22.1, 24.4, 26.9),
(115, 15.7, 17.1, 18.6, 20.4, 22.4, 24.6, 27.2),
(115.5, 15.8, 17.2, 18.8, 20.6, 22.6, 24.9, 27.5),
(116, 16, 17.4, 19, 20.8, 22.8, 25.1, 27.8),
(116.5, 16.1, 17.5, 19.2, 21, 23, 25.4, 28),
(117, 16.2, 17.7, 19.3, 21.2, 23.3, 25.6, 28.3),
(117.5, 6.4, 17.9, 19.5, 21.4, 23.5, 25.9, 28.6),
(118, 16.5, 18, 19.7, 21.6, 23.7, 26.1, 28.9),
(118.5, 16.7, 18.2, 19.9, 21.8, 23.9, 26.4, 29.2),
(119, 16.8, 18.3, 20, 22, 24.1, 26.6, 29.5),
(119.5, 16.9, 18.5, 20.2, 22.2, 24.4, 26.9, 29.8),
(120, 17.1, 18.6, 20.4, 22.4, 24.6, 27.2, 30.1);

-- --------------------------------------------------------

--
-- Table structure for table `balita`
--

CREATE TABLE `balita` (
  `id` int(11) NOT NULL,
  `nama` varchar(100) NOT NULL,
  `anak_ke` int(100) NOT NULL,
  `no_akte` varchar(100) NOT NULL,
  `nik` varchar(16) NOT NULL,
  `tempat_lahir` varchar(100) NOT NULL,
  `tanggal_lahir` date NOT NULL,
  `jenis_kelamin` varchar(30) NOT NULL,
  `golongan_darah` varchar(30) NOT NULL,
  `jenis_pelayanan` varchar(30) NOT NULL,
  `fasilitas_pelayanan_kesehatan` varchar(30) NOT NULL,
  `alamat` varchar(100) NOT NULL,
  `id_orangtua` int(11) NOT NULL
) ENGINE=InnoDB DEFAULT CHARSET=utf8mb4;

--
-- Dumping data for table `balita`
--

INSERT INTO `balita` (`id`, `nama`, `anak_ke`, `no_akte`, `nik`, `tempat_lahir`, `tanggal_lahir`, `jenis_kelamin`, `golongan_darah`, `jenis_pelayanan`, `fasilitas_pelayanan_kesehatan`, `alamat`, `id_orangtua`) VALUES
(1, 'Gigi', 5, '2434dsfdf2', '2324352545', 'Subang', '2022-06-01', 'Perempuan', 'A', 'Tidak Ada', 'Tidak Ada', 'Subang', 6),
(3, 'Alana', 2, '1', '251425662', 'Subang', '2022-06-01', 'Perempuan', 'A', 'Tidak Ada', 'Tidak Ada', 'Subang', 7),
(4, 'Fani', 1, '3426/klj', '87123881', 'Subang', '2022-06-15', 'Laki-laki', 'B', 'Tidak Ada', 'Tidak Ada', 'Inggris', 5),
(5, 'Nana', 5, '3617718', '826272782', 'Subang', '2019-06-05', 'Perempuan', 'A', 'Tidak Ada', 'Tidak Ada', 'Subang', 1),
(6, 'Apriyani', 2, '213/nmk/2002', '1234567', 'Subang', '2022-06-10', 'Perempuan', 'A', 'Tidak Ada', 'Tidak Ada', 'Subang', 2),
(7, 'Zio', 3, '7817/09228/2001', '786668954321576', 'Subang', '2010-06-08', 'Laki-laki', 'AB', 'Asuransi Lain', 'Sekunder', 'Subang', 8);

-- --------------------------------------------------------

--
-- Table structure for table `bbpb_perempuan`
--

CREATE TABLE `bbpb_perempuan` (
  `id_bbtbperempuan` int(11) NOT NULL,
  `panjang_badan` double NOT NULL,
  `-3sd` double NOT NULL,
  `-2sd` double NOT NULL,
  `-1sd` double NOT NULL,
  `median` double NOT NULL,
  `1sd` double NOT NULL,
  `2sd` double NOT NULL,
  `3sd` double NOT NULL
) ENGINE=InnoDB DEFAULT CHARSET=utf8mb4;

--
-- Dumping data for table `bbpb_perempuan`
--

INSERT INTO `bbpb_perempuan` (`id_bbtbperempuan`, `panjang_badan`, `-3sd`, `-2sd`, `-1sd`, `median`, `1sd`, `2sd`, `3sd`) VALUES
(1, 45, 1.9, 2.1, 2.3, 2.5, 2.7, 3, 3.3),
(2, 45.5, 2, 2.1, 2.3, 2.5, 2.8, 3.1, 3.4),
(3, 46, 2, 2.2, 2.4, 2.6, 2.9, 3.2, 3.5),
(4, 46.5, 2.1, 2.3, 2.5, 2.7, 3, 3.3, 3.6),
(5, 47, 2.2, 2.4, 2.6, 2.8, 3.1, 3.4, 3.7),
(6, 47.5, 2.2, 2.4, 2.6, 2.9, 3.2, 3.5, 3.8),
(7, 48, 2.3, 2.5, 2.7, 3, 3.3, 3.6, 4),
(8, 48.5, 2.4, 2.6, 2.8, 3.1, 3.4, 3.7, 4.1),
(9, 49, 2.4, 2.6, 2.9, 3.2, 3.5, 3.8, 4.2),
(10, 49.5, 2.5, 2.7, 3, 3.3, 3.6, 3.9, 4.3),
(11, 50, 2.6, 2.8, 3.1, 3.4, 3.7, 4, 4.5),
(12, 50.5, 2.7, 2.9, 3.2, 3.5, 3.8, 4.2, 4.6),
(13, 51, 2.8, 3, 3.3, 3.6, 3.9, 4.3, 4.8),
(14, 51.5, 2.8, 3.1, 3.4, 3.7, 4, 4.4, 4.9),
(15, 52, 2.9, 3.2, 3.5, 3.8, 4.2, 4.6, 5.1),
(16, 52.5, 3, 3.3, 3.6, 3.9, 4.3, 4.7, 5.2),
(17, 53, 3.1, 3.4, 3.7, 4, 4.4, 4.9, 5.4),
(18, 53.5, 3.2, 3.5, 3.8, 4.2, 4.6, 5, 5.5),
(19, 54, 3.3, 3.6, 3.9, 4.3, 4.7, 5.2, 5.7),
(20, 54.5, 3.4, 3.7, 4, 4.4, 4.8, 5.3, 5.9),
(21, 55, 3.5, 3.8, 4.2, 4.5, 5, 5.5, 6.1),
(22, 55.5, 3.6, 3.9, 4.3, 4.7, 5.1, 5.7, 6.3),
(23, 56, 3.7, 4, 4.4, 4.8, 5.3, 5.8, 6.4),
(24, 56.5, 3.8, 4.1, 4.5, 5, 5.4, 6, 6.6),
(25, 57, 3.9, 4.3, 4.6, 5.1, 5.6, 6.1, 6.8),
(26, 57.5, 4, 4.4, 4.8, 5.2, 5.7, 6.3, 7),
(27, 58, 4.1, 4.5, 4.9, 5.4, 5.9, 6.5, 7.1),
(28, 58.5, 4.2, 4.6, 5, 5.5, 6, 6.6, 7.3),
(29, 59, 4.3, 4.7, 5.1, 5.6, 6.2, 6.8, 7.5),
(30, 59.5, 4.4, 4.8, 5.3, 5.7, 6.3, 6.9, 7.7),
(31, 60, 4.5, 4.9, 5.4, 5.9, 6.4, 7.1, 7.8),
(32, 60.5, 4.6, 5, 5.5, 6, 6.6, 7.3, 8),
(33, 66, 5.6, 6.1, 6.7, 7.3, 8, 8.8, 9.8),
(34, 66.5, 5.7, 6.2, 6.8, 7.4, 8.1, 9, 9.9),
(35, 67, 5.8, 6.3, 6.9, 7.5, 8.3, 9.1, 10),
(36, 67.5, 5.9, 6.4, 7, 7.6, 8.4, 9.2, 10.2),
(37, 68, 6, 6.5, 7.1, 7.7, 8.5, 9.4, 10.3);

-- --------------------------------------------------------

--
-- Table structure for table `bbu_lakilaki`
--

CREATE TABLE `bbu_lakilaki` (
  `id_bbulakilaki` int(11) NOT NULL,
  `umur_bulan` double NOT NULL,
  `-3sd` double NOT NULL,
  `-2sd` double NOT NULL,
  `-1sd` double NOT NULL,
  `median` double NOT NULL,
  `1sd` double NOT NULL,
  `2sd` double NOT NULL,
  `3sd` double NOT NULL
) ENGINE=InnoDB DEFAULT CHARSET=utf8mb4;

--
-- Dumping data for table `bbu_lakilaki`
--

INSERT INTO `bbu_lakilaki` (`id_bbulakilaki`, `umur_bulan`, `-3sd`, `-2sd`, `-1sd`, `median`, `1sd`, `2sd`, `3sd`) VALUES
(1, 0, 2.1, 2.5, 2.9, 3.3, 3.9, 4.4, 5),
(2, 1, 2.9, 3.4, 3.9, 4.5, 5.1, 5.8, 6.6),
(3, 2, 3.8, 4.3, 4.9, 5.6, 6.3, 7.1, 8),
(4, 3, 4.4, 5, 5.7, 6.4, 7.2, 8, 9),
(5, 4, 4.9, 5.6, 6.2, 7, 7.8, 8.7, 9.7),
(6, 5, 5.3, 6, 6.7, 7.5, 8.4, 9.3, 10.4),
(7, 6, 5.7, 6.4, 7.1, 7.9, 8.8, 9.8, 10.9),
(8, 7, 5.9, 6.7, 7.4, 8.3, 9.2, 10.3, 11.4),
(9, 8, 6.2, 6.9, 7.7, 8.6, 9.6, 10.7, 11.9),
(10, 9, 6.4, 7.1, 8, 8.9, 9.9, 11, 12.3),
(11, 10, 6.6, 7.4, 8.2, 9.2, 10.2, 11.4, 12.7),
(12, 11, 6.8, 7.6, 8.4, 9.4, 10.5, 11.7, 13),
(13, 12, 6.9, 7.7, 8.6, 9.6, 10.8, 12, 13.3),
(14, 13, 7.1, 7.9, 8.8, 9.9, 11, 12.3, 13.7),
(15, 14, 7.2, 8.1, 9, 10.1, 11.3, 12.6, 14),
(16, 15, 7.4, 8.3, 9.2, 10.3, 11.5, 12.8, 14.3),
(17, 16, 7.5, 8.4, 9.4, 10.5, 11.7, 13.1, 14.7),
(18, 17, 7.7, 8.6, 9.6, 10.7, 12, 13.4, 14),
(19, 18, 7.8, 8.8, 9.8, 10.9, 12.2, 13.7, 15.3),
(20, 19, 8, 8.9, 10, 11.1, 12.5, 13.9, 15.6),
(21, 20, 8.1, 9.1, 10.1, 11.3, 12.7, 14.2, 15.9),
(22, 21, 8.2, 9.2, 10.3, 11.5, 12.9, 14.5, 16.3),
(23, 22, 8.4, 9.4, 10.5, 11.8, 13.2, 14.7, 16.6),
(24, 23, 8.5, 9.5, 10.7, 12, 13.4, 15, 16.9),
(25, 24, 8.6, 9.7, 10.8, 12.2, 13.6, 15.3, 17.2),
(26, 25, 8.8, 9.8, 11, 12.4, 13.9, 15.5, 17.5),
(27, 26, 8.9, 10, 11.2, 12.5, 14.1, 15.8, 17.8),
(28, 27, 9, 10.1, 11.3, 12.7, 14.3, 16.1, 18.1),
(29, 28, 9.1, 10.2, 11.5, 12.9, 14.5, 16.3, 18.4),
(30, 29, 9.2, 10.4, 11.7, 13.1, 14.8, 16.6, 18.7),
(31, 30, 9.4, 10.5, 11.8, 13.3, 15, 16.9, 19),
(32, 31, 9.5, 10.7, 12, 13.5, 15.2, 17.1, 19.3),
(33, 32, 9.6, 10.8, 12.1, 13.7, 15.4, 17.4, 19.6),
(34, 33, 9.7, 10.9, 12.3, 13.8, 15.6, 17.6, 19.9),
(35, 34, 9.8, 11, 12.4, 14, 15.8, 17.8, 20.2),
(36, 35, 9.9, 11.2, 12.6, 14.2, 16, 18.1, 20.4),
(37, 36, 10, 11.3, 12.7, 14.3, 16.2, 18.3, 20.7),
(38, 37, 10.1, 11.4, 12.9, 14.5, 16.4, 18.6, 21),
(39, 38, 10.2, 11.5, 13, 14.7, 16.6, 18.8, 21.3),
(40, 39, 10.3, 11.6, 13.1, 14.8, 16.8, 19, 21.6),
(41, 40, 10.4, 11.8, 13.3, 15, 17, 19.3, 21.9),
(42, 41, 10.5, 11.9, 13.4, 15.2, 17.2, 19.5, 22.1),
(43, 42, 10.6, 12, 13.6, 15.3, 17.4, 19.7, 22.4),
(44, 43, 10.7, 12.1, 13.7, 15.5, 17.6, 20, 22.7),
(45, 44, 10.8, 12.2, 13.8, 15.7, 17.8, 20.2, 23),
(46, 45, 10.9, 12.4, 14, 15.8, 18, 20.5, 23.3),
(47, 46, 11, 12.5, 14.1, 16, 18.2, 20.7, 23.6),
(48, 47, 11.1, 12.6, 14.3, 16.2, 18.4, 20.9, 23.9),
(49, 48, 11.2, 12.7, 14.4, 16.3, 18.6, 21.2, 24.2),
(50, 49, 11.3, 12.8, 14.5, 16.5, 28.8, 21.4, 24.5),
(51, 50, 11.4, 12.9, 14.7, 16.7, 29, 21.7, 24.8),
(52, 51, 11.5, 13.1, 14.8, 16.8, 29.2, 21.9, 25.1),
(53, 52, 11.6, 13.2, 15, 17, 29.4, 22.2, 25.4),
(54, 53, 11.7, 13.3, 15.1, 17.2, 29.6, 22.4, 25.7),
(55, 54, 11.8, 13.4, 15.2, 17.3, 29.8, 22.7, 26),
(56, 55, 11.9, 13.5, 15.4, 17.5, 20, 22.9, 26.3),
(57, 56, 12, 13.6, 15.5, 17.7, 20.2, 23.2, 26.6),
(58, 57, 12.1, 13.7, 15.6, 17.8, 20.4, 23.4, 26.9),
(59, 58, 12.2, 13.8, 15.8, 18, 20.6, 23.7, 27.2),
(60, 59, 12.3, 14, 15.9, 18.2, 20.8, 23.9, 27.6),
(61, 60, 12.4, 14.1, 16, 18.3, 21, 24.2, 27.9);

-- --------------------------------------------------------

--
-- Table structure for table `bbu_perempuan`
--

CREATE TABLE `bbu_perempuan` (
  `id_bbuperempuan` int(11) NOT NULL,
  `umur_bulan` double NOT NULL,
  `-3sd` double NOT NULL,
  `-2sd` double NOT NULL,
  `-1sd` double NOT NULL,
  `median` double NOT NULL,
  `1sd` double NOT NULL,
  `2sd` double NOT NULL,
  `3sd` double NOT NULL
) ENGINE=InnoDB DEFAULT CHARSET=utf8mb4;

--
-- Dumping data for table `bbu_perempuan`
--

INSERT INTO `bbu_perempuan` (`id_bbuperempuan`, `umur_bulan`, `-3sd`, `-2sd`, `-1sd`, `median`, `1sd`, `2sd`, `3sd`) VALUES
(1, 0, 2, 2.4, 2.8, 3.2, 3.7, 4.2, 4.8),
(2, 1, 2.7, 3.2, 3.6, 4.2, 4.8, 5.5, 6.2),
(3, 2, 3.4, 3.9, 4.5, 5.1, 5.8, 6.6, 7.5),
(4, 3, 4, 4.5, 5.2, 5.8, 6.6, 7.5, 8.5),
(5, 4, 4.4, 5, 5.7, 6.4, 7.3, 8.2, 9.3),
(6, 5, 4.8, 5.4, 6.1, 6.9, 7.8, 8.8, 10),
(7, 6, 5.1, 5.7, 6.5, 7.3, 8.2, 9.3, 10.6),
(8, 7, 5.3, 6, 6.8, 7.6, 8.6, 9.8, 11.1),
(9, 8, 5.6, 6.3, 7, 7.9, 9, 10.2, 11.6),
(10, 9, 5.8, 6.5, 7.3, 8.2, 9.3, 10.5, 12),
(11, 10, 5.9, 6.7, 7.5, 8.5, 9.6, 10.9, 12.4),
(12, 11, 6.1, 6.9, 7.7, 8.7, 9.9, 11.2, 12.8),
(13, 12, 6.3, 7, 7.9, 8.9, 10.1, 11.5, 13.1),
(14, 13, 6.4, 7.2, 8.1, 9.2, 10.4, 11.8, 13.5),
(15, 14, 6.6, 7.4, 8.3, 9.4, 10.6, 12.1, 13.8),
(16, 15, 6.7, 7.6, 8.5, 9.6, 10.9, 12.4, 14.1),
(17, 16, 6.9, 7.7, 8.7, 9.8, 11.1, 12.6, 14.5),
(18, 17, 7, 7.9, 8.9, 10, 11.4, 12.9, 14.8),
(19, 18, 7.2, 8.1, 9.1, 10.2, 11.6, 13.2, 15.1),
(20, 19, 7.3, 8.2, 9.2, 10.4, 11.8, 13.5, 15.4),
(21, 20, 7.5, 8.4, 9.4, 10.6, 12.1, 13.7, 15.7),
(22, 21, 7.6, 8.6, 9.6, 10.9, 12.3, 14, 16),
(23, 22, 7.8, 8.7, 9.8, 11.1, 12.5, 14.3, 16.4),
(24, 23, 7.9, 8.9, 10, 11.3, 12.8, 14.6, 16.7),
(25, 24, 8.1, 9.1, 10.2, 11.5, 13, 14.8, 17),
(26, 25, 8.2, 9.2, 10.3, 11.7, 13.3, 15.1, 17.3),
(27, 26, 8.4, 9.4, 10.5, 11.9, 13.5, 15.4, 17.7),
(28, 27, 8.5, 9.6, 10.7, 12.1, 13.7, 15.7, 18),
(29, 28, 8.6, 9.7, 10.9, 12.3, 14, 16, 18.3),
(30, 29, 8.8, 9.9, 11.1, 12.5, 14.2, 16.2, 18.7),
(31, 30, 8.9, 10, 11.2, 12.7, 14.4, 16.5, 19),
(32, 31, 9, 10.1, 11.4, 12.9, 14.7, 16.8, 19.3),
(33, 32, 9.1, 10.3, 11.6, 13.1, 14.9, 17.1, 19.6),
(34, 33, 9.3, 10.4, 11.7, 13.3, 15.1, 17.3, 20),
(35, 34, 9.4, 10.5, 11.9, 13.5, 15.4, 17.6, 20.3),
(36, 35, 9.5, 10.7, 12, 13.7, 15.6, 17.9, 20.6),
(37, 36, 9.6, 10.8, 12.2, 13.9, 15.8, 18.1, 20.9),
(38, 37, 9.7, 10.9, 12.4, 14, 16, 18.4, 21.3),
(39, 38, 9.8, 11.1, 12.5, 14.2, 16.3, 18.7, 21.6),
(40, 39, 9.9, 11.2, 12.7, 14.4, 16.5, 19, 22),
(41, 40, 10.1, 11.3, 12.8, 14.6, 16.7, 19.2, 22.3),
(42, 41, 10.2, 11.5, 13, 14.8, 16.9, 19.5, 22.7),
(43, 42, 10.3, 11.6, 13.1, 15, 17.2, 19.8, 23),
(44, 43, 10.4, 11.7, 13.3, 15.2, 17.4, 20.1, 23.4),
(45, 44, 10.5, 11.8, 13.4, 15.3, 17.6, 20.4, 23.7),
(46, 45, 10.6, 12, 13.6, 15.5, 17.8, 20.7, 24.1),
(47, 46, 10.7, 12.1, 13.7, 15.7, 18.1, 20.9, 24.5),
(48, 47, 10.8, 12.2, 13.9, 15.9, 18.3, 21.2, 24.8),
(49, 48, 10.9, 12.3, 14, 16.1, 18.5, 21.5, 25.2),
(50, 49, 11, 12.4, 14.2, 16.3, 18.8, 21.8, 25.5),
(51, 50, 11.1, 12.6, 14.3, 16.4, 19, 22.1, 25.9),
(52, 51, 11.2, 12.7, 14.5, 16.6, 19.2, 22.4, 26.3),
(53, 52, 11.3, 12.8, 14.6, 16.8, 19.4, 22.6, 26.6),
(54, 53, 11.4, 12.9, 14.8, 17, 19.7, 22.9, 27),
(55, 54, 11.5, 13, 14.9, 17.2, 19.9, 23.2, 27.4),
(56, 55, 11.6, 13.2, 15.1, 17.3, 20.1, 23.5, 28.7),
(57, 56, 11.7, 13.3, 15.2, 17.5, 20.3, 23.8, 28.1),
(58, 57, 11.8, 13.4, 15.3, 17.7, 20.6, 24.1, 28.5),
(59, 58, 11.9, 13.5, 15.5, 17.9, 20.8, 24.4, 28.8),
(60, 59, 12, 13.6, 15.6, 18, 21, 24.6, 29.2),
(61, 60, 12.1, 13.7, 15.8, 18.2, 21.2, 24.9, 29.5);

-- --------------------------------------------------------

--
-- Table structure for table `orang_tua`
--

CREATE TABLE `orang_tua` (
  `id_orangtua` int(11) NOT NULL,
  `nama_orangtua` varchar(30) NOT NULL,
  `nik_orangtua` varchar(30) NOT NULL,
  `tempat_lahir` varchar(30) NOT NULL,
  `tanggal_lahir` date NOT NULL,
  `golongan_darah` varchar(30) NOT NULL,
  `jenis_kelamin` varchar(30) NOT NULL,
  `jenis_pelayanan` varchar(30) NOT NULL,
  `fasilitas_pelayanan_kesehatan` varchar(30) NOT NULL,
  `pendidikan` varchar(30) NOT NULL,
  `pekerjaan` varchar(30) NOT NULL,
  `alamat` varchar(100) NOT NULL,
  `telepon` varchar(30) NOT NULL,
  `status_orangtua` varchar(30) NOT NULL
) ENGINE=InnoDB DEFAULT CHARSET=utf8mb4;

--
-- Dumping data for table `orang_tua`
--

INSERT INTO `orang_tua` (`id_orangtua`, `nama_orangtua`, `nik_orangtua`, `tempat_lahir`, `tanggal_lahir`, `golongan_darah`, `jenis_kelamin`, `jenis_pelayanan`, `fasilitas_pelayanan_kesehatan`, `pendidikan`, `pekerjaan`, `alamat`, `telepon`, `status_orangtua`) VALUES
(1, 'Rara', '1242121121', 'Subang', '1997-05-07', 'A', 'Perempuan', 'Tidak Ada', 'Tidak Ada', 'Perguruan Tinggi', 'CEO', 'Subang', '087667', 'Ibu'),
(2, 'Kia', '12345672832112', 'Subang', '2022-05-18', 'B', 'Perempuan', 'Tidak Ada', 'Sekunder', 'Perguaruan Tinggi', 'CEO', 'Subang', '0817271819', 'Ayah'),
(4, 'Zayn', '972621223', 'Subang', '1999-06-08', 'B', 'Laki-laki', 'Tidak Ada', 'Tidak Ada', 'Perguaruan Tinggi', 'Penyanyi', 'Inggris', '08752324341', 'Ayah'),
(5, 'Kalilea', '134211456', 'Subang', '1985-06-04', 'AB', 'Perempuan', 'Asuransi Lain', 'Primer', 'Perguaruan Tinggi', 'Penulis', 'Jakarta', '08712617788', 'Ibu'),
(6, 'Sean', '1234656', 'Subang', '2022-06-01', 'A', 'Perempuan', 'Tidak Ada', 'Tidak Ada', 'Perguruan Tinggi', 'CEO', 'Subang', '0876677645', 'Ibu'),
(7, 'Dani', '32435553', 'Subang', '2022-04-14', 'B', 'Laki-laki', 'Tidak Ada', 'Tidak Ada', 'Perguaruan Tinggi', 'Penulis', 'Subang', '086564646', 'Ayah'),
(8, 'nn', '12345672832', 'Subang', '2022-06-10', 'B', 'Perempuan', 'Tidak Ada', 'Tidak Ada', 'Perguaruan Tinggi', 'CEO', 'Subang', '08712617788', 'Ibu');

-- --------------------------------------------------------

--
-- Table structure for table `pbbb_lakilaki`
--

CREATE TABLE `pbbb_lakilaki` (
  `panjang_badan` double NOT NULL,
  `-3sd` double NOT NULL,
  `-2sd` double NOT NULL,
  `-1sd` double NOT NULL,
  `median` double NOT NULL,
  `1sd` double NOT NULL,
  `2sd` double NOT NULL,
  `3sd` double NOT NULL
) ENGINE=InnoDB DEFAULT CHARSET=utf8mb4;

--
-- Dumping data for table `pbbb_lakilaki`
--

INSERT INTO `pbbb_lakilaki` (`panjang_badan`, `-3sd`, `-2sd`, `-1sd`, `median`, `1sd`, `2sd`, `3sd`) VALUES
(45, 1.9, 2, 2.2, 2.4, 2.7, 3, 3.3),
(45.5, 1.9, 2.1, 2.3, 2.5, 2.8, 3.1, 3.4),
(46, 2, 2.2, 2.4, 2.6, 2.9, 3.1, 3.4),
(46.5, 2.1, 2.3, 2.5, 2.7, 3, 3.2, 3.6),
(47, 2.1, 2.3, 2.5, 2.8, 3, 3.3, 3.7),
(47.5, 2.2, 2.4, 2.6, 2.9, 3.1, 3.4, 3.8),
(48, 2.3, 2.5, 2.7, 2.9, 3.2, 3.6, 3.9),
(48.5, 2.3, 2.6, 2.8, 3, 3.3, 3.7, 4),
(49, 2.4, 2.6, 2.9, 3.1, 3.4, 3.8, 4.2),
(49.5, 2.5, 2.7, 3, 3.2, 3.5, 3.9, 4.3),
(50, 2.6, 2.8, 3, 3.3, 3.6, 4, 4.4),
(50.5, 2.7, 2.9, 3.1, 3.4, 3.8, 4.1, 4.5),
(51, 2.7, 3, 3.2, 3.5, 3.9, 4.2, 4.7),
(51.5, 2.8, 3.1, 3.3, 3.6, 4, 4.4, 4.8),
(52, 2.9, 3.2, 3.5, 3.8, 4.1, 4.5, 5),
(52.5, 3, 3.3, 3.6, 3.9, 4.2, 4.6, 5.1),
(53, 3.1, 3.4, 3.7, 4, 4.4, 4.8, 5.3),
(53.5, 3.2, 3.5, 3.8, 4.1, 4.5, 4.9, 5.4),
(54, 3.3, 3.6, 3.9, 4, 4.7, 5.1, 5.6),
(54.5, 3.4, 3.7, 4, 4.4, 4.8, 5.3, 5.8),
(55, 3.6, 3.8, 4.2, 4.5, 5, 5.4, 6),
(55.5, 3.7, 4, 4.3, 4.7, 5.1, 5.6, 6.1),
(56, 3.8, 4.1, 44.4, 4.8, 5.3, 5.8, 6.3),
(56.5, 3.9, 4.2, 4.6, 5, 5.4, 5.9, 6.5),
(57, 4, 4.3, 4.7, 5.1, 5.6, 6.1, 6.7),
(57.5, 4.1, 4.5, 4.9, 5.3, 5.7, 6.3, 6.9),
(58, 4.3, 4.6, 5, 5.4, 5.9, 6.4, 7.1),
(58.5, 4.4, 4.7, 5.1, 5.6, 6.1, 6.6, 7.2),
(59, 4.5, 4.8, 5.3, 5.7, 6.2, 6.8, 7.4),
(59.5, 4.6, 5, 5.4, 5.9, 6.4, 7, 7.6),
(60, 4.7, 5.1, 5.5, 6, 6.5, 7.1, 7.8),
(60.5, 4.8, 5.2, 5.6, 6.1, 6.7, 7.3, 8),
(6.1, 4.9, 5.3, 5.8, 6.3, 6.8, 7.4, 8.1),
(61.5, 5, 5.4, 5.9, 6.4, 7, 7.6, 8.3),
(62, 5.1, 5.6, 6, 6.5, 7.1, 7.7, 8.5),
(62.5, 5.2, 5.7, 6.1, 6.7, 7.2, 7.9, 8.6),
(63, 5.3, 5.8, 6.2, 6.8, 7.4, 8, 8.8),
(63.5, 5.4, 5.9, 6.4, 6.9, 7.5, 8.2, 8.9),
(64, 5.5, 6, 6.5, 7, 7.6, 8.3, 9.1),
(64.5, 5.6, 6.1, 6.6, 7.1, 7.8, 8.5, 9.3),
(65, 5.7, 6.2, 6.7, 7.3, 7.9, 8.6, 9.4),
(65.5, 5.8, 6.3, 6.8, 7.4, 8, 8.7, 9.6),
(66, 5.9, 6.4, 6.9, 7.5, 8.2, 8.9, 9.7),
(66.5, 6, 6.5, 7, 7.6, 8.3, 9, 9.9),
(67, 6.1, 6.6, 7.1, 7.7, 8.4, 9.2, 10),
(67.5, 6.2, 6.7, 7.2, 7.9, 8.5, 9.3, 10.2),
(68, 6.3, 6.8, 7.3, 8, 8.7, 9.4, 10.3),
(68.5, 6.4, 6.9, 7.5, 8.1, 8.8, 9.6, 10.5),
(69, 6.5, 7, 7.6, 8.2, 8.9, 9.7, 10.6),
(69.5, 6.6, 7.1, 7.7, 8.3, 9, 9.8, 10.8),
(70, 6.6, 7.2, 7.8, 8.4, 9.2, 10, 10.9),
(70.5, 6.7, 7.3, 7.9, 8.5, 9.3, 10.1, 11.1),
(71, 6.8, 7.4, 8, 8.6, 9.4, 10.2, 11.2),
(71.5, 6.9, 7.5, 8.1, 8.8, 9.5, 10.4, 11.3),
(72, 7, 7.6, 8.2, 8.9, 9.6, 10.5, 11.5),
(72.5, 7.1, 7.6, 8.3, 9, 9.8, 10.6, 11.6),
(73, 7.2, 7.7, 8.4, 9.1, 9.9, 10.8, 11.8),
(73.5, 7.2, 7.8, 8.5, 9.2, 10, 10.9, 11.9),
(74, 7.3, 7.9, 8.6, 9.3, 10.1, 11, 12.1),
(74.5, 7.4, 8, 8.7, 9.4, 10.2, 11.2, 12.2),
(75, 7.5, 8.1, 8.8, 9.5, 10.3, 11.3, 12.3),
(75.5, 7.6, 8.2, 8.8, 9.6, 10.4, 11.4, 12.5),
(76, 7.6, 8.3, 8.9, 9.7, 10.6, 11.5, 12.6),
(76.5, 7.7, 8.3, 9, 9.8, 10.7, 11.6, 12.7),
(77, 7.8, 8.4, 9.1, 9.9, 10.8, 11.7, 12.8),
(77.5, 7.9, 8.5, 9.2, 10, 10.9, 11.9, 13),
(78, 7.9, 8.6, 9.3, 10, 11, 12, 13.1),
(78.5, 8, 8.7, 9.4, 10.2, 11.1, 12.1, 13.2),
(79, 8.1, 8.7, 9.5, 10.3, 11.2, 12.2, 13.3),
(79.5, 8.2, 8.8, 9.5, 10.4, 11.3, 12.3, 13.4),
(80, 8.2, 8.9, 9.6, 10.4, 11.4, 12.4, 13.6),
(80.5, 8.3, 9, 9.7, 10.5, 11.5, 12.5, 13.7),
(81, 8.4, 9.1, 9.8, 10.6, 11.6, 12.6, 13.8),
(81.5, 8.5, 9.1, 9.9, 10.7, 11.7, 12.7, 13.9),
(82, 8.5, 9.2, 10, 10.8, 11.8, 12.8, 14),
(82.5, 8.6, 9.3, 10.1, 10.9, 11.9, 13, 14.2),
(83, 8.7, 9.4, 10.2, 11, 12, 13.1, 14.3),
(83.5, 8.8, 9.5, 10.3, 11.2, 12.1, 13.2, 14.4),
(84, 8.9, 9.6, 10.4, 11.3, 12.2, 13.3, 14.6),
(84.5, 9, 9.7, 10.5, 11.4, 12.4, 13.5, 14.7),
(85, 9.1, 9.8, 10.6, 11.5, 12.5, 13.6, 14.9),
(85.5, 9.2, 9.9, 10.7, 11.6, 12.6, 13.7, 15),
(86, 9.3, 10, 10.8, 11.7, 12.8, 13.9, 15.2),
(86.5, 9.4, 10.1, 11, 11.9, 12.9, 14, 15.3),
(87, 9.5, 10.2, 11.1, 12, 13, 14.2, 15.5),
(87.5, 9.6, 10.4, 11.2, 12.1, 13.2, 14.3, 15.6),
(88, 9.7, 10.5, 11.3, 12.2, 13.3, 14.5, 15.8),
(88.5, 9.8, 10.6, 11.4, 12.4, 13.4, 14.6, 15.9),
(89, 9.9, 10.7, 11.5, 12.5, 13.5, 14.7, 16.1),
(89.5, 10, 10.8, 11.6, 12.6, 13.7, 14.9, 16.2),
(90, 10.1, 10.9, 11.8, 12.7, 13.8, 15, 16.4),
(90.5, 10.2, 11, 11.9, 12.8, 13.9, 15.1, 16.5),
(91, 10.3, 11.1, 12, 13, 14.1, 15.3, 16.7),
(91.5, 10.4, 11.2, 12.1, 13.1, 14.2, 15.4, 16.8),
(92, 10.5, 11.3, 12.2, 13.2, 14.3, 15.6, 17),
(92.5, 10.6, 11.4, 12.3, 13.3, 14.4, 15.7, 17.1),
(93, 10.7, 11.5, 12.4, 13.4, 14.6, 15.8, 17.3),
(93.5, 10.7, 11.6, 12.5, 13.5, 14.7, 16, 17.4),
(94, 10.8, 11.7, 12.6, 13.7, 14.8, 16.1, 17.6),
(94.5, 10.9, 11.8, 12.7, 13.8, 14.9, 16.3, 17.7),
(95, 11, 11.9, 12.8, 13.9, 15.1, 16.4, 17.9),
(95.5, 11.1, 12, 12.9, 14, 15.2, 16.5, 18),
(96, 11.2, 12.1, 13.1, 14.1, 15.3, 16.7, 18.2),
(96.5, 11.3, 12.2, 13.2, 14.3, 15.5, 16.8, 18.4),
(97, 11.4, 12.3, 13.3, 14.4, 15.6, 17, 18.5),
(97.5, 11.5, 12.4, 13.4, 14.5, 15.7, 17.1, 18.7),
(98, 11.6, 12.5, 13.5, 14.6, 15.9, 17.3, 18.9),
(98.5, 11.7, 12.6, 13.6, 14.8, 16, 17.5, 19.1),
(99, 11.8, 12.7, 13.7, 14.9, 16.2, 17.6, 19.2),
(99.5, 11.9, 12.8, 13.9, 15, 16.3, 17.8, 19.4),
(100, 12, 12.9, 14, 15.2, 16.5, 18, 19.6),
(100.5, 12.1, 13, 14.1, 15.3, 16.6, 18.1, 19.8),
(101, 12.2, 13.2, 14.2, 15.4, 16.8, 18.3, 20),
(101.5, 12.3, 13.3, 14.4, 15.6, 16.9, 18.5, 20.2),
(102, 12.4, 13.4, 14.5, 15.7, 17.1, 18.7, 20.4),
(102.5, 12.5, 13.5, 14.6, 15.9, 17.3, 18.8, 20.6),
(103, 12.6, 13.6, 14.8, 16, 17.4, 19, 20.8),
(103.5, 12.7, 13.7, 14.9, 16.2, 17.6, 19.2, 21),
(104, 12.8, 13.9, 15, 16.3, 17.8, 19.4, 21.2),
(104.5, 12.9, 14, 15.2, 16.5, 17.9, 19.6, 21.5),
(105, 13, 14.1, 15.3, 16, 18.1, 19.8, 21.7),
(105.5, 13.2, 14.2, 15.4, 16.8, 18.3, 20, 21.9),
(106, 13.3, 14.4, 15.6, 16.9, 18.5, 20.2, 22.1),
(106.5, 13.4, 14.5, 15.7, 17.1, 18.6, 20.4, 22.4),
(107, 13.5, 14.6, 15.9, 17.3, 18.8, 20.6, 22.6),
(107.5, 13.6, 14.7, 16, 17.4, 19, 20.8, 22.8),
(108, 13.7, 14.9, 16.2, 17.6, 19.2, 21, 23.1),
(108.5, 13.8, 15, 16.3, 17.8, 19.4, 21.2, 23.3),
(109, 14, 15.1, 16.5, 17.9, 19.6, 21.4, 23.6),
(109.5, 14.1, 15.3, 16.6, 18.1, 19.8, 21.7, 23.8),
(110, 14.2, 15.4, 16.8, 18.3, 20, 21.9, 24.1);

-- --------------------------------------------------------

--
-- Table structure for table `pbbb_perempuan`
--

CREATE TABLE `pbbb_perempuan` (
  `panjang_badan` double NOT NULL,
  `-3sd` double NOT NULL,
  `-2sd` double NOT NULL,
  `-1sd` double NOT NULL,
  `median` double NOT NULL,
  `1sd` double NOT NULL,
  `2sd` double NOT NULL,
  `3sd` double NOT NULL
) ENGINE=InnoDB DEFAULT CHARSET=utf8mb4;

--
-- Dumping data for table `pbbb_perempuan`
--

INSERT INTO `pbbb_perempuan` (`panjang_badan`, `-3sd`, `-2sd`, `-1sd`, `median`, `1sd`, `2sd`, `3sd`) VALUES
(61, 4.7, 5.1, 5.6, 6.1, 6.7, 7.4, 8.2),
(61.5, 4.8, 5.2, 5.7, 6.3, 6.9, 7.6, 8.4),
(62, 4.9, 5.3, 5.8, 6.4, 7, 7.7, 8.5),
(62.5, 5, 5.4, 5.9, 6.5, 7.1, 7.8, 8.7),
(63, 5.1, 5.5, 6, 6.6, 7.3, 8, 8.8),
(63.5, 5.2, 5.6, 6.2, 6.7, 7.4, 8.1, 9),
(64, 5.3, 5.7, 6.3, 6.9, 7.5, 8.3, 9.1),
(64.5, 5.4, 5.8, 6.4, 7, 7.6, 8.4, 9.3),
(65, 5.5, 5.9, 6.5, 7.1, 7.8, 8.6, 9.5),
(65.5, 5.5, 6, 6.6, 7.2, 7.9, 8.7, 9.6),
(66, 5.6, 6.1, 6.7, 7.3, 8, 8.8, 9.8),
(66.5, 5.7, 6.2, 6.8, 7.4, 7.4, 9, 9.9),
(67, 5.8, 6.3, 6.9, 7.5, 8.3, 8.3, 10),
(67.5, 5.9, 6.4, 7, 7.6, 8.4, 9.2, 10.2),
(68, 6, 6.5, 7.1, 7.7, 8.5, 9.4, 10.3),
(68.5, 6.1, 6.6, 7.2, 7.9, 8.6, 9.5, 10.5),
(69, 6.1, 6.7, 7.3, 8, 8.7, 9.6, 10.6),
(69.5, 6.2, 6.8, 7.4, 8.1, 8.8, 9.7, 10.7),
(70, 6.3, 6.9, 7.5, 8.2, 9, 9.9, 10.9),
(70.5, 6.4, 6.9, 7.6, 8.3, 9.1, 10, 11),
(71, 6.5, 7, 7.7, 8.4, 9.2, 10.1, 11.1),
(71.5, 6.5, 7.1, 7.7, 8.5, 9.3, 10.2, 11.3),
(72, 6.6, 7.2, 7.8, 8.6, 9.4, 10.3, 11.4),
(72.5, 6.7, 7.3, 7.9, 8.7, 9.5, 10.5, 11.5),
(73, 6.8, 7.4, 8, 8.8, 9.6, 10.6, 11.7),
(73.5, 6.9, 7.4, 8.1, 8.9, 9.7, 10.7, 11.8),
(74, 6.9, 7.4, 8.1, 8.9, 9.7, 10.7, 11.8),
(74.5, 7, 7.6, 8.3, 9.1, 9.9, 10.9, 12),
(75, 7.1, 7.7, 8.4, 9.1, 10, 11, 12.2),
(77.5, 7.4, 8.1, 8.8, 9.6, 10.5, 11.6, 12.8),
(78, 7.5, 8.2, 8.9, 9.7, 10.6, 11.7, 12.9),
(78.5, 7.6, 8.2, 9, 9.8, 10.7, 11.8, 13),
(79, 7.7, 8.3, 9.1, 9.9, 10.8, 11.9, 13.1),
(79.5, 7.7, 8.4, 9.1, 10, 10.9, 12, 13.3),
(80, 7.8, 8.5, 9.2, 10.1, 11, 12.1, 13.4),
(80.5, 7.9, 8.6, 9.3, 10.2, 11.2, 12.3, 13.5),
(81, 8, 8.7, 9.4, 10.3, 11.3, 12.4, 13.7),
(81.5, 8.1, 8.8, 9.5, 10.4, 11.4, 12.5, 13.8),
(82, 8.1, 8.8, 9.6, 10.5, 11.5, 12.6, 13.9);

-- --------------------------------------------------------

--
-- Table structure for table `pbbb_perempuan1`
--

CREATE TABLE `pbbb_perempuan1` (
  `panjang_badan` double NOT NULL,
  `-3sd` double NOT NULL,
  `-2sd` double NOT NULL,
  `-1sd` double NOT NULL,
  `median` double NOT NULL,
  `1sd` double NOT NULL,
  `2sd` double NOT NULL,
  `3sd` double NOT NULL
) ENGINE=InnoDB DEFAULT CHARSET=utf8mb4;

--
-- Dumping data for table `pbbb_perempuan1`
--

INSERT INTO `pbbb_perempuan1` (`panjang_badan`, `-3sd`, `-2sd`, `-1sd`, `median`, `1sd`, `2sd`, `3sd`) VALUES
(82.5, 8.2, 8.9, 9.7, 10.6, 11.6, 12.8, 14.1),
(83, 8.3, 9, 9.8, 10.7, 11.8, 12.9, 14.2),
(83.5, 8.4, 9.1, 9.9, 10.9, 11.9, 13.1, 14.4),
(84, 8.5, 9.2, 10.1, 11, 12, 13.2, 14.5),
(84.5, 8.6, 9.3, 10.2, 11.1, 12.1, 13.3, 14.7),
(85, 8.7, 9.4, 10.3, 11.2, 12.3, 13.5, 14.9),
(85.5, 8.8, 9.5, 10.4, 11.3, 12.4, 13.6, 15),
(86, 8.9, 9.7, 10.5, 11.5, 12.6, 13.8, 15.2),
(86.5, 9, 9.8, 10.6, 11.6, 12.7, 13.9, 15.4),
(87, 9.1, 9.9, 10.7, 11.7, 12.8, 14.1, 15.5),
(87.5, 9.2, 10, 10.9, 11.8, 13, 14.2, 15.7),
(88, 9.3, 10.1, 11, 12, 13.1, 14.4, 15.9),
(88.5, 9.4, 10.2, 11.1, 12.1, 13.2, 14.5, 16),
(89, 9.5, 10.3, 11.2, 12.2, 13.4, 14.7, 16.2),
(89.5, 9.6, 10.4, 11.3, 12.3, 13.5, 14.8, 16.4),
(90, 9.7, 10.5, 11.4, 12.5, 13.7, 15, 16.5),
(90.5, 9.8, 10.6, 11.5, 12.6, 13.8, 15.1, 16.7),
(91, 9.9, 10.7, 11.7, 12.7, 13.9, 15.3, 16.9),
(91.5, 10, 10.8, 11.8, 12.8, 14.1, 15.5, 17),
(92, 10.1, 10.9, 11.9, 13, 14.2, 15.6, 17.2),
(92.5, 10.1, 11, 12, 13.1, 14.3, 15.8, 17.4),
(93, 10.2, 11.1, 12.1, 13.2, 14.5, 15.9, 17.5),
(93.5, 10.3, 11.2, 12.2, 13.3, 14.6, 16.1, 17.7),
(94, 10.4, 11.3, 12.3, 13.5, 14.7, 16.2, 17.9),
(94.5, 10.5, 11.4, 12.4, 13.6, 14.9, 16.4, 18),
(95, 10.6, 11.5, 12.6, 13.7, 15, 16.5, 18.2),
(96, 10.8, 11.7, 12.8, 14, 15.3, 16.8, 18.6),
(96.5, 10.9, 11.8, 12.9, 14.1, 15.4, 17, 18.7),
(97, 11, 12, 13, 14.2, 15.6, 17.1, 18.9),
(97.5, 11.1, 12.1, 13.1, 14.4, 15.7, 17.3, 19.1),
(98, 11.2, 12.2, 13.3, 14.5, 15.9, 17.5, 19.3),
(98.5, 11.3, 12.3, 13.4, 14.6, 16, 17.6, 19.5);

-- --------------------------------------------------------

--
-- Table structure for table `pbbb_perempuan2`
--

CREATE TABLE `pbbb_perempuan2` (
  `panjang_badan` double NOT NULL,
  `-3sd` double NOT NULL,
  `-2sd` double NOT NULL,
  `-1sd` double NOT NULL,
  `median` double NOT NULL,
  `1sd` double NOT NULL,
  `2sd` double NOT NULL,
  `3sd` double NOT NULL
) ENGINE=InnoDB DEFAULT CHARSET=utf8mb4;

--
-- Dumping data for table `pbbb_perempuan2`
--

INSERT INTO `pbbb_perempuan2` (`panjang_badan`, `-3sd`, `-2sd`, `-1sd`, `median`, `1sd`, `2sd`, `3sd`) VALUES
(99, 11.4, 12.4, 13.5, 14.8, 16.2, 17.8, 19.6),
(99.5, 11.5, 12.5, 13.6, 14.9, 16.3, 18, 19.8),
(100, 11.6, 12.6, 13.7, 15, 16.5, 18.1, 20),
(100.5, 11.7, 12.7, 13.9, 15.2, 16.6, 18.3, 20.2),
(101, 11.8, 12.8, 14, 15.3, 16.8, 18.5, 20.4),
(101.5, 11.9, 13, 14.1, 15.5, 17, 18.7, 20.6),
(102, 12, 13.1, 14.3, 15.6, 17.1, 18.9, 20.8),
(102.5, 12.1, 13.2, 14.4, 15.8, 17.3, 19, 21),
(103, 12.3, 13.3, 14.5, 15.9, 17.5, 19.2, 21.3),
(103.5, 12.4, 13.5, 14.7, 16.1, 17.6, 19.4, 21.5),
(104, 12.5, 13.6, 14.8, 16.2, 17.8, 19.6, 21.7),
(104.5, 12.6, 13.7, 15, 16.4, 18, 19.8, 21.9),
(105, 12.7, 13.8, 15.1, 16.5, 18.2, 20, 22.2105),
(105.5, 12.8, 14, 15.3, 16.7, 18.4, 20.2, 22.4),
(106, 13, 14.1, 15.4, 16.9, 18.5, 20.5, 22.6),
(106.5, 13.1, 14.3, 15.6, 17.1, 18.7, 20.7, 22.9),
(107, 13.2, 14.4, 15.7, 17.2, 18.9, 20.9, 23.1),
(107.5, 13.3, 14.5, 15.9, 17.4, 19.1, 21.1, 23.4),
(108, 13.5, 14.7, 16, 17.6, 19.3, 21.3, 23.6),
(108.5, 13.6, 14.8, 16.2, 17.8, 19.5, 21.6, 23.9),
(109, 13.7, 15, 16.4, 18, 19.7, 21.8, 24.2),
(109.5, 13.9, 15.1, 16.5, 18.1, 20, 22, 24.4),
(110, 14, 15.3, 16.7, 18.3, 20.2, 22.3, 24.7);

-- --------------------------------------------------------

--
-- Table structure for table `pbu_lakilaki`
--

CREATE TABLE `pbu_lakilaki` (
  `umur_bulan` double NOT NULL,
  `-3sd` double NOT NULL,
  `-2sd` double NOT NULL,
  `-1sd` double NOT NULL,
  `median` double NOT NULL,
  `1sd` double NOT NULL,
  `2sd` double NOT NULL,
  `3sd` double NOT NULL
) ENGINE=InnoDB DEFAULT CHARSET=utf8mb4;

--
-- Dumping data for table `pbu_lakilaki`
--

INSERT INTO `pbu_lakilaki` (`umur_bulan`, `-3sd`, `-2sd`, `-1sd`, `median`, `1sd`, `2sd`, `3sd`) VALUES
(0, 44.2, 46.1, 48, 49.9, 51.8, 53.7, 55.6),
(1, 48.9, 50.8, 52.8, 54.7, 56.7, 58.6, 60.6),
(2, 52.4, 54.4, 56.4, 58.4, 60.4, 62.4, 64.4),
(3, 55.3, 57.3, 59.4, 61.4, 63.5, 65.5, 67.6),
(4, 57.6, 59.7, 61.8, 63.9, 66, 68, 70.1),
(5, 59.6, 61.7, 63.8, 65.9, 68, 70.1, 72.2),
(6, 61.2, 63.3, 65.5, 67.6, 69.8, 71.9, 74),
(7, 62.7, 64.8, 67, 69.2, 71.3, 73.5, 75.7),
(8, 64, 66.2, 68.4, 70.6, 72.8, 75, 77.2),
(9, 65.2, 67.5, 69.7, 72, 74.2, 76.5, 78.7),
(10, 66.4, 68.7, 71, 73.3, 75.6, 77.9, 80.1),
(11, 67.6, 69.9, 72.2, 74.5, 76.9, 79.2, 81.5),
(12, 68.6, 71, 73.4, 75.7, 78.1, 80.5, 82.9),
(13, 69.6, 72.1, 74.5, 76.9, 79.3, 81.8, 84.2),
(14, 70.6, 73.1, 75.6, 78, 80.5, 83, 85.5),
(15, 71.6, 74.1, 76.6, 79.1, 81.7, 84.2, 86.7),
(16, 72.5, 75, 77.6, 80.2, 82.8, 85.4, 88),
(17, 73.3, 76, 78.6, 81.2, 83.9, 86.5, 89.2),
(18, 74.2, 76.9, 79.6, 82.3, 85, 87.7, 90.4),
(19, 75, 77.7, 80.5, 83.2, 86, 88.8, 91.5),
(20, 75.8, 78.6, 81.4, 84.2, 87, 89.8, 92.6),
(21, 76.5, 79.4, 82.3, 85.1, 88, 90.9, 93.8),
(22, 77.2, 80.2, 83.1, 86, 89, 91.9, 94.9),
(23, 78, 81, 83.9, 86.9, 89.9, 92.9, 95.9),
(24, 78.7, 81.7, 84.8, 87.8, 90.9, 93.9, 97);

-- --------------------------------------------------------

--
-- Table structure for table `pbu_perempuan`
--

CREATE TABLE `pbu_perempuan` (
  `id_pbuperempuan` int(11) NOT NULL,
  `umur_bulan` double NOT NULL,
  `-3sd` double NOT NULL,
  `-2sd` double NOT NULL,
  `-1sd` double NOT NULL,
  `median` double NOT NULL,
  `1sd` double NOT NULL,
  `2sd` double NOT NULL,
  `3sd` double NOT NULL
) ENGINE=InnoDB DEFAULT CHARSET=utf8mb4;

--
-- Dumping data for table `pbu_perempuan`
--

INSERT INTO `pbu_perempuan` (`id_pbuperempuan`, `umur_bulan`, `-3sd`, `-2sd`, `-1sd`, `median`, `1sd`, `2sd`, `3sd`) VALUES
(1, 0, 43.6, 45.4, 47.3, 49.1, 51, 52.9, 54.7),
(2, 1, 47.8, 49.8, 51.7, 53.7, 55.6, 57.6, 59.5),
(3, 2, 51, 53, 55, 57.1, 59.1, 61.1, 63.2),
(4, 3, 53.5, 55.6, 57.7, 59.8, 61.9, 64, 66.1),
(5, 4, 55.6, 57.8, 59.9, 62.1, 64.3, 66.4, 68.6),
(6, 5, 57.4, 59.6, 61.8, 64, 66.2, 68.5, 70.7),
(7, 6, 58.9, 61.2, 63.5, 65.7, 68, 70.3, 72.5),
(8, 7, 60.3, 62.7, 65, 67.3, 69.6, 71.9, 74.2),
(9, 8, 61.7, 64, 66.4, 68.7, 71.1, 73.5, 75.8),
(10, 9, 62.9, 65.3, 67.7, 70.1, 72.6, 75, 77.4),
(11, 10, 64.1, 66.5, 69, 71.5, 73.9, 76.4, 78.9),
(12, 11, 65.2, 67.7, 70.3, 72.8, 75.3, 77.8, 80.3),
(13, 12, 66.3, 68.9, 71.4, 74, 76.6, 79.2, 81.7),
(14, 13, 67.3, 70, 72.6, 75.2, 77.8, 80.5, 83.1),
(15, 14, 68.3, 71, 73.7, 76.4, 79.1, 81.7, 84.4),
(16, 15, 69.3, 72, 74.8, 77.5, 80.2, 83, 85.7),
(17, 16, 70.2, 73, 75.8, 78.6, 81.4, 84.2, 87),
(18, 17, 71.1, 74, 76.8, 79.7, 82.5, 85.4, 88.2),
(19, 18, 72, 74.9, 77.8, 80.7, 83.6, 86.5, 89.4),
(20, 19, 72.8, 75.8, 78.8, 81.7, 84.7, 87.6, 90.6),
(21, 20, 73.7, 76.7, 79.7, 82.7, 85.7, 88.7, 91.7),
(22, 21, 74.5, 77.5, 80.6, 83.7, 86.7, 89.8, 92.9),
(23, 22, 75.2, 78.4, 81.5, 84.6, 87.7, 90.8, 94),
(24, 23, 76, 79.2, 82.3, 85.5, 88.7, 91.9, 95),
(25, 24, 76.7, 80, 83.2, 86.4, 89.6, 92.9, 96.1);

-- --------------------------------------------------------

--
-- Table structure for table `status_gizi`
--

CREATE TABLE `status_gizi` (
  `id_statusgizi` int(11) NOT NULL,
  `berat_badan` double NOT NULL,
  `tinggi_badan` varchar(30) NOT NULL,
  `umur_bulan` double NOT NULL,
  `status_gizi` varchar(30) NOT NULL,
  `status_tinggi` varchar(30) NOT NULL,
  `id_balita` int(11) NOT NULL
) ENGINE=InnoDB DEFAULT CHARSET=utf8mb4;

--
-- Dumping data for table `status_gizi`
--

INSERT INTO `status_gizi` (`id_statusgizi`, `berat_badan`, `tinggi_badan`, `umur_bulan`, `status_gizi`, `status_tinggi`, `id_balita`) VALUES
(1, 3, '70', 10, 'Gizi Buruk', 'Tinggi', 4),
(3, 7, '30', 15, 'Gizi Kurang', 'Sangat Pendek', 1),
(5, 25, '105', 15, 'Gizi Lebih', 'Tinggi', 5);

-- --------------------------------------------------------

--
-- Table structure for table `tbu_lakilaki`
--

CREATE TABLE `tbu_lakilaki` (
  `umur_bulan` double NOT NULL,
  `-3sd` double NOT NULL,
  `-2sd` double NOT NULL,
  `-1sd` double NOT NULL,
  `median` double NOT NULL,
  `1sd` double NOT NULL,
  `2sd` double NOT NULL,
  `3sd` double NOT NULL
) ENGINE=InnoDB DEFAULT CHARSET=utf8mb4;

--
-- Dumping data for table `tbu_lakilaki`
--

INSERT INTO `tbu_lakilaki` (`umur_bulan`, `-3sd`, `-2sd`, `-1sd`, `median`, `1sd`, `2sd`, `3sd`) VALUES
(24, 78, 81, 84.1, 87.1, 90.2, 93.2, 96.3),
(25, 78.6, 81.7, 84.9, 88, 91.1, 94.2, 97.3),
(26, 79.3, 82.5, 85.6, 88.8, 92, 95.2, 98.3),
(27, 79.9, 83.1, 86.4, 89.6, 92.9, 96.1, 99.3),
(28, 80.5, 83.8, 87.1, 90.4, 93.7, 97, 100.3),
(29, 81.1, 84.5, 87.8, 91.2, 94.5, 97.9, 101.2),
(30, 81.7, 85.1, 88.5, 91.9, 95.3, 98.7, 102.1),
(31, 82.3, 85.7, 89.2, 92.7, 96.1, 99.6, 103),
(32, 82.8, 86.4, 89.9, 93.4, 96.9, 100.4, 103.9),
(33, 83.4, 86.9, 90.5, 94.1, 97.6, 101.2, 104.8),
(34, 83.9, 87.5, 91.1, 94.8, 98.4, 102, 105.6),
(35, 84.4, 88.1, 91.8, 95.4, 99.1, 102.7, 106.4),
(36, 85, 88.7, 92.4, 96.1, 99.8, 103.5, 107.2),
(37, 85.5, 89.2, 93, 96.7, 100.5, 104.2, 108),
(38, 86, 89.8, 93.6, 97.4, 101.2, 105, 108.8),
(39, 86.5, 90.3, 94.2, 98, 101.8, 105.7, 109.5),
(40, 87, 90.9, 94.7, 98.6, 102.5, 106.4, 110.3),
(41, 87.5, 91.4, 95.3, 99.2, 103.2, 107.1, 111),
(42, 88, 91.9, 95.9, 99.9, 103.8, 107.8, 111.7),
(43, 88.4, 92.4, 96.4, 100.4, 104.5, 108.5, 112.5),
(44, 88.9, 93, 97, 101, 105.1, 109.1, 113.2),
(45, 89.4, 93.5, 97.5, 101.6, 105.7, 109.8, 113.9),
(46, 89.8, 94, 98.1, 102.2, 106.3, 110.4, 114.6),
(47, 90.3, 94.4, 98.6, 102.8, 106.9, 111.1, 115.2),
(48, 90.7, 94.9, 99.1, 103.3, 107.5, 111.7, 115.9),
(49, 91.2, 95.4, 99.7, 103.9, 108.1, 112.4, 116.6),
(50, 91.6, 95.9, 100.2, 104.4, 108.7, 113, 117.3),
(51, 92.1, 96.4, 100.7, 105, 109.3, 113.6, 117.9),
(52, 92.5, 96.9, 101.2, 105.6, 109.9, 114.2, 118.6),
(53, 93, 97.4, 101.7, 106.1, 110.5, 114.9, 119.2),
(54, 93.4, 97.8, 102.3, 106.7, 111.1, 115.5, 119.9),
(55, 93.9, 98.3, 102.8, 107.2, 111.7, 116.1, 120.6),
(56, 94.3, 98.8, 103.3, 107.8, 112.3, 116.7, 121.2),
(57, 94.7, 99.3, 103.8, 108.3, 112.8, 117.4, 121.9),
(58, 95.2, 99.7, 104.3, 108.9, 113.4, 118, 122.6),
(59, 95.6, 100.2, 104.8, 109.4, 114, 118.6, 123.2),
(60, 96.1, 100.7, 105.3, 110, 114.6, 119.2, 123.9);

-- --------------------------------------------------------

--
-- Table structure for table `tbu_perempuan`
--

CREATE TABLE `tbu_perempuan` (
  `id_pbuperempuan` int(11) NOT NULL,
  `umur_bulan` double NOT NULL,
  `-3sd` double NOT NULL,
  `-2sd` double NOT NULL,
  `-1sd` double NOT NULL,
  `median` double NOT NULL,
  `1sd` double NOT NULL,
  `2sd` double NOT NULL,
  `3sd` double NOT NULL
) ENGINE=InnoDB DEFAULT CHARSET=utf8mb4;

--
-- Dumping data for table `tbu_perempuan`
--

INSERT INTO `tbu_perempuan` (`id_pbuperempuan`, `umur_bulan`, `-3sd`, `-2sd`, `-1sd`, `median`, `1sd`, `2sd`, `3sd`) VALUES
(26, 24, 76, 79.3, 82.5, 85.7, 88.9, 92.2, 95.4),
(27, 25, 76.8, 80, 83.3, 86.6, 89.9, 93.1, 96.4),
(28, 26, 77.5, 80.8, 84.1, 87.4, 90.8, 94.1, 97.4),
(29, 27, 78.1, 81.5, 84.9, 88.3, 91.7, 95, 98.4),
(30, 28, 78.8, 82.2, 85.7, 89.1, 92.5, 96, 99.4),
(31, 29, 79.5, 82.9, 86.4, 89.9, 93.4, 96.9, 100.3),
(32, 30, 80.1, 83.6, 87.1, 90.7, 94.2, 97.7, 101.3),
(33, 31, 80.7, 84.3, 87.9, 91.4, 95, 98.6, 102.2),
(34, 32, 81.3, 84.9, 88.6, 92.2, 95.8, 99.4, 103.1),
(35, 33, 81.9, 85.6, 89.3, 92.9, 96.6, 100.3, 103.9),
(36, 34, 82.5, 86.2, 89.9, 93.6, 97.4, 101.1, 104.8),
(37, 35, 83.1, 86.8, 90.6, 94.4, 98.1, 101.9, 105.6),
(38, 36, 83.6, 87.4, 91.2, 95.1, 98.9, 102.7, 106.5),
(39, 37, 84.2, 88, 91.9, 95.7, 99.6, 103.4, 107.3),
(40, 38, 84.7, 88.6, 92.5, 96.4, 100.3, 104.2, 108.1),
(41, 39, 85.3, 89.2, 93.1, 97.1, 101, 105, 108.9),
(42, 40, 85.8, 89.8, 93.8, 97.7, 101.7, 105.7, 109.7),
(43, 41, 86.3, 90.4, 94.4, 98.4, 102.4, 106.4, 110.5),
(44, 42, 86.8, 90.9, 95, 99, 103.1, 107.2, 111.2),
(45, 43, 87.4, 91.5, 95.6, 99.7, 103.8, 107.9, 112),
(46, 44, 87.9, 92, 96.2, 100.3, 104.5, 108.6, 112.7),
(47, 45, 88.4, 92.5, 96.7, 100.9, 105.1, 109.3, 113.5),
(48, 46, 88.9, 93.1, 97.3, 101.5, 105.8, 110, 114.2),
(49, 47, 89.3, 93.6, 97.9, 102.1, 106.4, 110.7, 114.9),
(50, 48, 89.8, 94.1, 98.4, 102.7, 107, 111.3, 115.7),
(51, 49, 90.3, 94.6, 99, 103.3, 107.7, 112, 116.4),
(52, 50, 90.7, 95.1, 99.5, 103.9, 108.3, 112.7, 117.1),
(53, 51, 91.2, 95.6, 100.1, 104.5, 108.9, 113.3, 117.7),
(54, 52, 91.7, 96.1, 100.6, 105, 109.5, 114, 118.4),
(55, 53, 92.1, 96.6, 101.1, 105.6, 110.1, 114.6, 119.1),
(56, 54, 92.6, 97.1, 101.6, 106.2, 110.7, 115.2, 119.8),
(57, 55, 93, 97.6, 102.2, 106.7, 111.3, 115.9, 120.4),
(58, 56, 93.4, 98.1, 102.7, 107.3, 111.9, 116.5, 121.1),
(59, 57, 93.9, 98.5, 103.2, 107.8, 112.5, 117.1, 121.8),
(60, 58, 94.3, 99, 103.7, 108.4, 113, 117.7, 122.4),
(61, 59, 94.7, 99.5, 104.2, 108.9, 113.6, 118.3, 123.1),
(62, 60, 95.2, 99.9, 104.7, 109.4, 114.2, 118.9, 123.7);

-- --------------------------------------------------------

--
-- Table structure for table `user`
--

CREATE TABLE `user` (
  `id` int(11) NOT NULL,
  `nama` varchar(50) NOT NULL,
  `username` varchar(16) NOT NULL,
  `email` varchar(30) NOT NULL,
  `password` varchar(255) NOT NULL
) ENGINE=InnoDB DEFAULT CHARSET=utf8mb4;

--
-- Dumping data for table `user`
--

INSERT INTO `user` (`id`, `nama`, `username`, `email`, `password`) VALUES
(1, 'Shinta', 'shinta', 'ap.shinta18@gmail.com', '$2y$10$6yALcYutXmfUnLhhGDam4OXmkIlYZw9./Hg/1hDVPREu15d7Om32C'),
(5, 'petugas posyandu', 'petugas', 'petugas@gmail.com', '$2y$10$tpidDR5MMeMbz3ibscMKiOeAKp.EnkCiHqT6CcoQhBpxlHS2ql6fK'),
(6, 'Viani', 'viani', 'vianiazizah@gmail.com', '$2y$10$yyg0hl6sDm3GANj3qua0LukfzZVIkzTooXB4dq/WK.NdxZ1CkLCCC'),
(7, 'Alana Alexander', 'alana', 'alana@gmail.com', '$2y$10$TwnlgI0x1GYGEp5QuN7/V.s1NZF309wXt/rKe/2m5ORYfl7htNAoa');

--
-- Indexes for dumped tables
--

--
-- Indexes for table `balita`
--
ALTER TABLE `balita`
  ADD PRIMARY KEY (`id`),
  ADD KEY `id_orangtua` (`id_orangtua`);

--
-- Indexes for table `bbpb_perempuan`
--
ALTER TABLE `bbpb_perempuan`
  ADD PRIMARY KEY (`id_bbtbperempuan`);

--
-- Indexes for table `bbu_lakilaki`
--
ALTER TABLE `bbu_lakilaki`
  ADD PRIMARY KEY (`id_bbulakilaki`);

--
-- Indexes for table `bbu_perempuan`
--
ALTER TABLE `bbu_perempuan`
  ADD PRIMARY KEY (`id_bbuperempuan`);

--
-- Indexes for table `orang_tua`
--
ALTER TABLE `orang_tua`
  ADD PRIMARY KEY (`id_orangtua`);

--
-- Indexes for table `pbu_perempuan`
--
ALTER TABLE `pbu_perempuan`
  ADD PRIMARY KEY (`id_pbuperempuan`);

--
-- Indexes for table `status_gizi`
--
ALTER TABLE `status_gizi`
  ADD PRIMARY KEY (`id_statusgizi`),
  ADD KEY `id_balita` (`id_balita`);

--
-- Indexes for table `tbu_perempuan`
--
ALTER TABLE `tbu_perempuan`
  ADD PRIMARY KEY (`id_pbuperempuan`);

--
-- Indexes for table `user`
--
ALTER TABLE `user`
  ADD PRIMARY KEY (`id`);

--
-- AUTO_INCREMENT for dumped tables
--

--
-- AUTO_INCREMENT for table `balita`
--
ALTER TABLE `balita`
  MODIFY `id` int(11) NOT NULL AUTO_INCREMENT, AUTO_INCREMENT=8;

--
-- AUTO_INCREMENT for table `bbpb_perempuan`
--
ALTER TABLE `bbpb_perempuan`
  MODIFY `id_bbtbperempuan` int(11) NOT NULL AUTO_INCREMENT, AUTO_INCREMENT=38;

--
-- AUTO_INCREMENT for table `bbu_lakilaki`
--
ALTER TABLE `bbu_lakilaki`
  MODIFY `id_bbulakilaki` int(11) NOT NULL AUTO_INCREMENT, AUTO_INCREMENT=62;

--
-- AUTO_INCREMENT for table `bbu_perempuan`
--
ALTER TABLE `bbu_perempuan`
  MODIFY `id_bbuperempuan` int(11) NOT NULL AUTO_INCREMENT, AUTO_INCREMENT=62;

--
-- AUTO_INCREMENT for table `orang_tua`
--
ALTER TABLE `orang_tua`
  MODIFY `id_orangtua` int(11) NOT NULL AUTO_INCREMENT, AUTO_INCREMENT=11;

--
-- AUTO_INCREMENT for table `pbu_perempuan`
--
ALTER TABLE `pbu_perempuan`
  MODIFY `id_pbuperempuan` int(11) NOT NULL AUTO_INCREMENT, AUTO_INCREMENT=63;

--
-- AUTO_INCREMENT for table `status_gizi`
--
ALTER TABLE `status_gizi`
  MODIFY `id_statusgizi` int(11) NOT NULL AUTO_INCREMENT, AUTO_INCREMENT=6;

--
-- AUTO_INCREMENT for table `tbu_perempuan`
--
ALTER TABLE `tbu_perempuan`
  MODIFY `id_pbuperempuan` int(11) NOT NULL AUTO_INCREMENT, AUTO_INCREMENT=63;

--
-- AUTO_INCREMENT for table `user`
--
ALTER TABLE `user`
  MODIFY `id` int(11) NOT NULL AUTO_INCREMENT, AUTO_INCREMENT=8;

--
-- Constraints for dumped tables
--

--
-- Constraints for table `balita`
--
ALTER TABLE `balita`
  ADD CONSTRAINT `balita_ibfk_1` FOREIGN KEY (`id_orangtua`) REFERENCES `orang_tua` (`id_orangtua`) ON DELETE CASCADE ON UPDATE CASCADE;

--
-- Constraints for table `status_gizi`
--
ALTER TABLE `status_gizi`
  ADD CONSTRAINT `status_gizi_ibfk_1` FOREIGN KEY (`id_balita`) REFERENCES `balita` (`id`) ON DELETE CASCADE ON UPDATE CASCADE;
COMMIT;

/*!40101 SET CHARACTER_SET_CLIENT=@OLD_CHARACTER_SET_CLIENT */;
/*!40101 SET CHARACTER_SET_RESULTS=@OLD_CHARACTER_SET_RESULTS */;
/*!40101 SET COLLATION_CONNECTION=@OLD_COLLATION_CONNECTION */;
